Hizmet_Hizi,Yemek_Kalitesi,Musteri_Memnuniyeti,Hizmet_Kategori,Kalite_Kategori,Memnuniyet_Kategori
3.745401188473625,6.981617140197452,6.3932697170073345,Normal,Mükemmel,Orta
9.50714306409916,5.360963663441204,8.311796063508316,Hızlı,İyi,Yüksek
7.319939418114051,3.0952761628632777,5.398237479557914,Hızlı,Kötü,Orta
5.986584841970366,8.137950197069486,8.164907980940193,Normal,Mükemmel,Yüksek
1.5601864044243652,6.847311725538793,5.0,Yavaş,Mükemmel,Orta
1.5599452033620265,1.626169393448913,1.7996961109387708,Yavaş,Kötü,Düşük
0.5808361216819946,9.109271844938425,5.0,Yavaş,Mükemmel,Orta
8.661761457749352,8.22537242923169,8.178377557436027,Hızlı,Mükemmel,Yüksek
6.011150117432088,9.49799913291924,8.191724660557307,Normal,Mükemmel,Yüksek
7.080725777960454,7.2571950838836,6.671763404375208,Hızlı,Mükemmel,Yüksek
0.20584494295802447,6.134151959357899,5.0,Yavaş,İyi,Orta
9.699098521619943,4.182430362906189,7.422080221433632,Hızlı,İyi,Yüksek
8.324426408004218,9.327284833540133,8.193143289561416,Hızlı,Mükemmel,Yüksek
2.1233911067827616,8.660638895004084,5.1498507951182315,Yavaş,Mükemmel,Orta
1.8182496720710062,0.45218670106189407,1.8282932829290257,Yavaş,Kötü,Düşük
1.8340450985343382,0.26366974497252005,1.8307335492112975,Yavaş,Kötü,Düşük
3.0424224295953772,3.7646336687804958,4.080140435360662,Yavaş,İyi,Orta
5.247564316322379,8.105533307818328,8.159812343819828,Normal,Mükemmel,Yüksek
4.319450186421157,9.872761293149445,7.563344702089829,Normal,Mükemmel,Yüksek
2.9122914019804194,1.5041689110352818,2.0239774539448923,Yavaş,Kötü,Düşük
6.118528947223795,5.941307153521351,5.6644712498813545,Normal,İyi,Orta
1.3949386065204183,3.8089085663102153,4.287985063361408,Yavaş,İyi,Orta
2.9214464853521815,9.699143978146033,6.044841899135535,Yavaş,Mükemmel,Orta
3.663618432936917,8.421189231357086,6.870360300858222,Normal,Mükemmel,Yüksek
4.56069984217036,8.383287047111379,7.69092714697928,Normal,Mükemmel,Yüksek
7.851759613930136,4.686931597949703,7.417306161939302,Hızlı,İyi,Yüksek
1.9967378215835974,4.148195023376652,4.460541568183888,Yavaş,İyi,Orta
5.142344384136116,2.7340707193070624,3.3838767200526894,Normal,Kötü,Orta
5.924145688620425,0.5637549665092711,2.6867362096546406,Normal,Kötü,Düşük
0.46450412719997725,8.647223762550531,4.999999999999999,Yavaş,Mükemmel,Orta
6.075448519014383,8.129010091300776,8.163508059005089,Normal,Mükemmel,Yüksek
1.7052412368729153,9.997176732861305,4.999999999999999,Yavaş,Mükemmel,Orta
0.6505159298527952,9.966368370739055,5.0,Yavaş,Mükemmel,Orta
9.488855372533333,5.5543170560262745,8.285306073062666,Hızlı,İyi,Yüksek
9.656320330745594,7.689874151805105,8.089986796154545,Hızlı,Mükemmel,Yüksek
8.08397348116461,9.44765729882428,8.156393698468223,Hızlı,Mükemmel,Yüksek
3.0461376917337066,8.496473906774115,6.183515190468267,Yavaş,Mükemmel,Orta
0.9767211400638387,2.4734810174319763,2.8358235376260352,Yavaş,Kötü,Düşük
6.842330265121569,4.505441353100935,5.838043209655096,Hızlı,İyi,Orta
4.4015249373960135,1.2915941515149498,1.755049960950725,Normal,Kötü,Düşük
1.2203823484477883,9.540510272587223,5.0,Yavaş,Mükemmel,Orta
4.951769101112702,6.0617463445088005,5.628165044829479,Normal,İyi,Orta
0.34388521115218396,2.2864280550346274,2.5001833891803913,Yavaş,Kötü,Düşük
9.093204020787821,6.7170068440585675,7.986113086821699,Hızlı,Mükemmel,Yüksek
2.587799816000169,6.181282404578958,5.680772585097863,Yavaş,İyi,Orta
6.62522284353982,3.5816271803284048,5.106037664446163,Normal,İyi,Orta
3.1171107608941098,1.1355759219962902,2.065674794143607,Yavaş,Kötü,Düşük
5.200680211778108,6.715731955927996,6.1158143411386945,Normal,Mükemmel,Orta
5.4671027934327965,5.2030770090379335,5.2758538515850715,Normal,İyi,Orta
1.8485445552552704,7.723183917356393,5.000000000000001,Yavaş,Mükemmel,Orta
9.695846277645586,5.201635011119934,8.326278486952218,Hızlı,İyi,Yüksek
7.7513282336111455,8.5218150031854,8.100806838553014,Hızlı,Mükemmel,Yüksek
9.394989415641891,5.519068387744856,8.290798087342544,Hızlı,İyi,Yüksek
8.948273504276488,5.609379715353863,8.272406994236079,Hızlı,İyi,Yüksek
5.978999788110851,8.76653602658345,8.199514026952636,Normal,Mükemmel,Yüksek
9.218742350231167,4.034828662123971,7.271497666896053,Hızlı,İyi,Yüksek
0.884925020519195,1.3401522845064073,1.7610917459115663,Yavaş,Kötü,Düşük
1.959828624191452,0.28782676313338973,1.8506236979671977,Yavaş,Kötü,Düşük
0.45227288910538066,7.55137255673619,4.999999999999999,Yavaş,Mükemmel,Orta
3.2533033076326436,6.203095513534647,5.868919373413731,Yavaş,İyi,Orta
3.8867728968948203,7.0407976809922355,6.462816681996605,Normal,Mükemmel,Orta
2.713490317738959,2.129641615089107,2.3125333024837262,Yavaş,Kötü,Düşük
8.287375091519294,1.3637147558676976,4.999999999999999,Hızlı,Kötü,Orta
3.567533266935893,0.14544665667881929,1.9238549027876881,Normal,Kötü,Düşük
2.8093450968738076,3.5058755880659698,4.0039070341617915,Yavaş,İyi,Orta
5.426960831582485,5.899176868546331,5.527805082346117,Normal,İyi,Orta
1.4092422497476265,3.922440450997323,4.3617976935283425,Yavaş,İyi,Orta
8.021969807540398,4.374749220237291,7.441798903262408,Hızlı,İyi,Yüksek
0.7455064367977082,9.041586944937483,5.000000000000001,Yavaş,Mükemmel,Orta
9.868869366005173,3.4825546702330037,6.674338225040587,Hızlı,İyi,Yüksek
7.722447692966574,5.139894891598108,7.517153880487535,Hızlı,İyi,Yüksek
1.987156815341724,7.8365301274114305,5.0,Yavaş,Mükemmel,Orta
0.05522117123602399,3.9654278232127016,4.388958205128831,Yavaş,İyi,Orta
8.154614284548341,6.220867002278735,8.137149806156417,Hızlı,İyi,Yüksek
7.068573438476172,8.623637087467452,7.972185116218807,Hızlı,Mükemmel,Yüksek
7.2900716804098735,9.495206236576422,8.015833126980056,Hızlı,Mükemmel,Yüksek
7.712703466859457,1.4707348092903794,4.657754198764225,Hızlı,Kötü,Orta
0.7404465173409036,9.265876251614944,4.999999999999999,Yavaş,Mükemmel,Orta
3.5846572854427263,4.921162930795382,4.937950270263624,Normal,İyi,Orta
1.1586905952512971,2.5824438829895833,3.0089219072597264,Yavaş,Kötü,Düşük
8.631034258755935,4.591357562382613,7.764750986326054,Hızlı,İyi,Yüksek
6.232981268275579,9.800325752854771,8.133809809791606,Normal,Mükemmel,Yüksek
3.308980248526492,4.926180939928696,4.933870615765079,Yavaş,İyi,Orta
0.6355835028602363,3.287516102875082,3.8872538411969444,Yavaş,Kötü,Orta
3.109823217156622,6.334008543167258,5.993482928059986,Yavaş,İyi,Orta
3.2518332202674705,2.401456187781931,2.8924009803909825,Yavaş,Kötü,Düşük
7.29606178338064,0.7586332810866392,4.191650520088119,Hızlı,Kötü,Orta
6.3755747135521315,1.2887972191064923,3.1719580101777045,Normal,Kötü,Düşük
8.872127425763265,1.2804583895777244,5.0,Hızlı,Kötü,Orta
4.722149251619493,1.5190269351229435,1.7846516999440034,Normal,Kötü,Düşük
1.195942459383017,1.3882717264941014,1.7672310795521227,Yavaş,Kötü,Düşük
7.13244787222995,6.4087474480321465,6.576720849352371,Hızlı,İyi,Orta
7.607850486168974,1.8188008439914483,4.537889453264815,Hızlı,Kötü,Orta
5.612771975694963,3.456672833238632,4.471076360335663,Normal,İyi,Orta
7.70967179954561,8.967884099060118,8.09349030105075,Hızlı,Mükemmel,Yüksek
4.937955963643907,4.739616402628723,4.843592919109264,Normal,İyi,Orta
5.227328293819941,6.675577385210271,6.078279647039914,Normal,Mükemmel,Orta
4.275410183585496,1.7231987120162984,1.8138889402841059,Normal,Kötü,Düşük
0.2541912674409519,1.9228901880867078,1.844699567906046,Yavaş,Kötü,Düşük
1.0789142699330445,0.40868616266478863,1.7304969248441127,Yavaş,Kötü,Düşük
0.3142918568673425,1.6893506307216455,1.8088780566339138,Yavaş,Kötü,Düşük
6.364104112637804,2.7859033903195862,4.394566989657449,Normal,Kötü,Orta
3.143559810763267,1.7701048427674682,2.0609163687714513,Yavaş,Kötü,Düşük
5.085706911647028,0.8870253375705561,1.8195765049310386,Normal,Kötü,Düşük
9.07566473926093,1.206358711006008,5.0,Hızlı,Kötü,Orta
2.4929222914887497,4.607787680327258,4.701213856235902,Yavaş,İyi,Orta
4.103829230356297,2.063337184057925,2.0160634643179978,Normal,Kötü,Düşük
7.555511385430487,3.6426986104807546,6.160608924688931,Hızlı,İyi,Orta
2.2879816549162246,5.034172708548569,5.026702236134506,Yavaş,İyi,Orta
0.7697990982879299,6.903948286293653,4.999999999999999,Yavaş,Mükemmel,Orta
2.8975145291376805,0.39312139841098936,2.0210224755138104,Yavaş,Kötü,Düşük
1.6122128725400442,7.994103989090426,5.0,Yavaş,Mükemmel,Orta
9.29697652342573,6.279003894909078,8.120946031759761,Hızlı,İyi,Yüksek
8.08120379564417,0.8175903194887191,5.000000000000001,Hızlı,Kötü,Orta
6.334037565104235,8.735786241067773,8.105209352406396,Normal,Mükemmel,Yüksek
8.714605901877178,9.208724005318132,8.245710188748948,Hızlı,Mükemmel,Yüksek
8.036720768991145,0.6107795985486375,5.0,Hızlı,Kötü,Orta
1.8657005888603584,2.7687764814720373,3.290655544190872,Yavaş,Kötü,Düşük
8.925589984899778,8.062012797930613,8.152887415999436,Hızlı,Mükemmel,Yüksek
5.393422419156507,7.482596903836583,7.092641913023822,Normal,Mükemmel,Yüksek
8.074401551640625,1.8452101935637732,5.000000000000001,Hızlı,Kötü,Orta
8.960912999234932,2.093493233367103,5.1139770791680865,Hızlı,Kötü,Orta
3.1800347497186388,3.70472102791382,4.049416884796572,Yavaş,İyi,Orta
1.1005192452767676,4.845229851910213,4.9014667289610605,Yavaş,İyi,Orta
2.279351625419417,6.1825477153029595,5.333070441280558,Yavaş,İyi,Orta
4.271077886262563,3.689136395697724,4.206218625925719,Normal,İyi,Orta
8.18014765922493,4.625347161331479,7.715309277872495,Hızlı,İyi,Yüksek
8.607305832563434,7.474709381337565,8.050859515737969,Hızlı,Mükemmel,Yüksek
0.06952130531190703,0.366832028905979,1.675024529474527,Yavaş,Kötü,Düşük
5.107473025775658,2.5243694434402073,3.035174770274893,Normal,Kötü,Düşük
4.17411003148779,7.133495858845524,6.578071734971566,Normal,Mükemmel,Orta
2.2210781047073027,8.952068376871994,5.265328868810124,Yavaş,Mükemmel,Orta
1.198653673336828,5.116774421156661,4.999999999999999,Yavaş,İyi,Orta
3.3761517140362796,5.321134852653157,5.2627323189663295,Normal,İyi,Orta
9.429097039125192,1.0717201133977605,5.000000000000002,Hızlı,Kötü,Orta
3.2320293202075523,4.474123668234546,4.558027039479486,Yavaş,İyi,Orta
5.187906217433661,5.326172664550231,5.194670377572458,Normal,İyi,Orta
7.030189588951778,2.4247050363472966,4.453597114911813,Hızlı,Kötü,Orta
3.63629602379294,2.6924323094938094,3.1801169973072008,Normal,Kötü,Düşük
9.717820827209607,3.7728416310462265,6.98832634973582,Hızlı,İyi,Yüksek
9.624472949421111,0.20071197777726368,5.0,Hızlı,Kötü,Orta
2.5178229582536416,3.220791655831783,3.8230126496601313,Yavaş,Kötü,Orta
4.972485058923855,2.1144800699654462,2.136777774802374,Normal,Kötü,Düşük
3.0087830981676964,3.2749735217791462,3.837337966253503,Yavaş,Kötü,Orta
2.848404943774676,1.1976213181925122,2.011255186323158,Yavaş,Kötü,Düşük
0.36886947354532795,8.90527280739895,5.0,Yavaş,Mükemmel,Orta
6.095643339798968,5.935924535540487,5.649749313511756,Normal,İyi,Orta
5.026790232288615,6.791023191444896,6.18864133634035,Normal,Mükemmel,Orta
0.5147875124998935,7.891712386073383,5.0,Yavaş,Mükemmel,Orta
2.7864646423661146,4.984421989290572,4.985993220633436,Yavaş,İyi,Orta
9.082658859666537,0.8692028808742369,5.0,Hızlı,Kötü,Orta
2.395618906669724,5.371065418185478,5.277411282638238,Yavaş,İyi,Orta
1.448948720912231,5.868411180208791,5.0,Yavaş,İyi,Orta
4.89452760277563,7.4543947418433,7.047985884422029,Normal,Mükemmel,Yüksek
9.856504541106007,4.316595462296794,7.560378946569284,Hızlı,İyi,Yüksek
2.4205527151150044,1.2758030279556376,1.929857998075903,Yavaş,Kötü,Düşük
6.721355474058786,2.8377590579872445,4.571298544525662,Hızlı,Kötü,Orta
7.616196153287175,3.630822963986351,6.2565785686817295,Hızlı,İyi,Orta
2.3763754399239967,6.459172413316012,5.44968610491641,Yavaş,İyi,Orta
7.282163486118596,5.707783046689119,6.782260860687602,Hızlı,İyi,Yüksek
3.677831327192532,3.5609672589784624,4.113246112338387,Normal,İyi,Orta
6.3230583059357945,9.865152487929796,8.108378997122093,Normal,Mükemmel,Yüksek
6.335297107608947,6.057748193568871,5.811032838186966,Normal,İyi,Orta
5.357746840747585,2.372267917359945,3.0507839792977074,Normal,Kötü,Düşük
0.902897700544083,1.0178247262040374,1.7240499250369383,Yavaş,Kötü,Düşük
8.35302495589238,1.5285913918433203,4.999999999999999,Hızlı,Kötü,Orta
3.2078006497173583,2.459577283845081,3.0097355422884142,Yavaş,Kötü,Düşük
1.8651851039985423,1.6068137325955567,1.8355825040634766,Yavaş,Kötü,Düşük
0.40775141554763916,1.8656702405130576,1.835658443842182,Yavaş,Kötü,Düşük
5.908929431882418,2.850951686938471,4.169963372238229,Normal,Kötü,Orta
6.775643618422825,1.7337359529475482,3.6115796970936564,Hızlı,Kötü,Orta
0.16587828927856152,8.967654246264251,5.0,Yavaş,Mükemmel,Orta
5.12093058299281,0.8023374566164221,1.8538208289174667,Normal,Kötü,Düşük
2.2649577519793795,5.245113895702547,5.182510782771969,Yavaş,İyi,Orta
6.451727904094499,4.103968269896615,5.2988151584375505,Normal,İyi,Orta
1.7436642900499144,9.823786169086064,5.0,Yavaş,Mükemmel,Orta
6.90937738102466,1.1203890216805235,3.765223297484725,Hızlı,Kötü,Orta
3.867353463005374,3.9785559904574166,4.381563992938358,Normal,İyi,Orta
9.367299887367345,9.69470433275369,8.309643721807735,Hızlı,Mükemmel,Yüksek
1.3752094414599325,8.655071258939802,4.999999999999999,Yavaş,Mükemmel,Orta
3.410663510502585,8.1707207094928,6.5958346759149675,Normal,Mükemmel,Orta
1.1347352124058907,2.579028270449398,3.003711285569173,Yavaş,Kötü,Düşük
9.246936182785628,1.7088758739006582,5.000000000000001,Hızlı,Kötü,Orta
8.77339353380981,6.68643219924431,7.996183516617443,Hızlı,Mükemmel,Yüksek
2.579416277151556,9.293759891275858,5.671509967719319,Yavaş,Mükemmel,Orta
6.59984046034179,5.567628930139298,6.013442504575647,Normal,İyi,Orta
8.172222002012159,5.7161268946989985,8.170236231518123,Hızlı,İyi,Yüksek
5.5520081159946235,2.7997909366028417,3.8364010973017493,Normal,Kötü,Orta
5.296505783560065,7.694929331919369,7.463854965457804,Normal,Mükemmel,Yüksek
2.418522909004517,1.8704374855752337,1.929488665651573,Yavaş,Kötü,Düşük
0.9310276780589921,3.2367923640424365,3.8386573655932286,Yavaş,Kötü,Orta
8.972157579533267,4.254364386164168,7.495988911356714,Hızlı,İyi,Yüksek
9.004180571633304,5.07610378684455,8.278202901996405,Hızlı,İyi,Yüksek
6.33101457273268,2.4240973241508024,3.79483700562678,Normal,Kötü,Orta
3.390297910487007,1.1483682473920354,1.978947731288235,Normal,Kötü,Düşük
3.492095746126609,6.1062004244163255,5.738739921815168,Normal,İyi,Orta
7.259556788702394,2.8863055324025577,5.135221387080093,Hızlı,Kötü,Orta
8.971102599525771,5.812382214226123,8.237160619017766,Hızlı,İyi,Yüksek
8.870864242651173,1.5436271527420231,5.0,Hızlı,Kötü,Orta
7.798755458576238,4.811401018548175,7.44641808570438,Hızlı,İyi,Yüksek
6.420316461542877,5.325894325515859,5.872777209951393,Normal,İyi,Orta
0.8413996499504883,0.5182353682242691,1.7070652819165126,Yavaş,Kötü,Düşük
1.6162871409461377,3.366042781939206,3.9579733792758676,Yavaş,İyi,Orta
8.985541885270793,1.3441467693897424,5.0,Hızlı,Kötü,Orta
6.0642905965958995,0.6337497047276774,2.834608773277942,Normal,Kötü,Düşük
0.09197051616629648,9.899602323899453,5.0,Yavaş,Mükemmel,Orta
1.014715428660321,3.2235384497472297,3.8257095249502915,Yavaş,Kötü,Orta
6.635017691080558,8.09874445854635,8.012912304126003,Normal,Mükemmel,Yüksek
0.05061583846218687,2.5464065476376385,2.9532688437465766,Yavaş,Kötü,Düşük
1.6080805141749865,6.8150272222392925,5.0,Yavaş,Mükemmel,Orta
5.487337893665861,7.6022785988968655,7.2936940859179735,Normal,Mükemmel,Yüksek
6.918951976926932,5.956387406078443,6.3223196176622825,Hızlı,İyi,Orta
6.519612595026006,4.715761885501584,5.736237706589502,Normal,İyi,Orta
2.242693094605598,4.118409141472686,4.419985861757534,Yavaş,İyi,Orta
7.121792213475358,3.4886826654299528,5.424354269060249,Hızlı,İyi,Orta
2.3724908749680007,9.29529144247826,5.439801346876038,Yavaş,Mükemmel,Orta
3.2539969815926773,8.306194077877292,6.421950563785013,Yavaş,Mükemmel,Orta
7.464914051180242,9.650269106665126,8.049033954332444,Hızlı,Mükemmel,Yüksek
6.496328990472147,1.2429722348554473,3.302700754755884,Normal,Kötü,Düşük
8.49223410494178,7.308674752036443,8.019419872093613,Hızlı,Mükemmel,Yüksek
6.576128923003433,9.383404568210379,8.031746261265548,Normal,Mükemmel,Yüksek
5.683086033354716,1.8123306616566015,2.5673731359961405,Normal,Kötü,Düşük
0.9367476782809248,0.664962673667775,1.7159358546866184,Yavaş,Kötü,Düşük
3.6771580305943354,7.4112064929005905,6.755203974969288,Normal,Mükemmel,Yüksek
2.6520236768172545,5.744731131799119,5.5498247376597805,Yavaş,İyi,Orta
2.4398964337908358,8.41828776758272,5.516010117784394,Yavaş,Mükemmel,Orta
9.730105547524456,1.397723766262895,4.999999999999999,Hızlı,Kötü,Orta
3.930977246667604,7.952673118598902,7.091255093807289,Normal,Mükemmel,Yüksek
8.920465551771134,2.0162732004774453,5.020044887470576,Hızlı,Kötü,Orta
6.311386259972629,1.636559428657045,3.1026583658337725,Normal,Kötü,Düşük
7.948113035416484,1.6426579793099294,4.936396589660985,Hızlı,Kötü,Orta
5.026370931051921,8.14574720231382,8.166125540876479,Normal,Mükemmel,Yüksek
5.769038846263591,6.651972206962001,6.057389565921076,Normal,İyi,Orta
4.925176938188639,5.230654247691193,5.138996488512799,Normal,İyi,Orta
1.952429877980445,3.5883048412350247,4.133612287179536,Yavaş,İyi,Orta
7.224521152615053,8.772005408131083,8.003095029751897,Hızlı,Mükemmel,Yüksek
2.807723624408558,3.924451074226354,4.225361091701692,Yavaş,İyi,Orta
0.2431596643145384,8.16599439471577,5.0,Yavaş,Mükemmel,Orta
6.454722959071678,4.391349085702184,5.474804941051937,Normal,İyi,Orta
1.7711067940704894,3.769444294249076,4.2615267582723595,Yavaş,İyi,Orta
9.404585843529143,4.626797856696064,7.891801399970111,Hızlı,İyi,Yüksek
9.539285770025874,3.0137787416414206,6.145988893964533,Hızlı,Kötü,Orta
9.148643902204485,7.476093801762511,8.05111722866358,Hızlı,Mükemmel,Yüksek
3.7015870025544437,5.027203900924792,5.020712889819225,Normal,İyi,Orta
0.15456616528867428,2.322126951468173,2.5685209017033594,Yavaş,Kötü,Düşük
9.283185625877254,8.995745732745684,8.277343775018617,Hızlı,Mükemmel,Yüksek
4.281841483173143,3.8389122137321143,4.3078099883886845,Normal,İyi,Orta
9.666548190436696,5.435528611139886,8.30265955280322,Hızlı,İyi,Yüksek
9.636199770892528,9.06472110964547,8.284206374634204,Hızlı,Mükemmel,Yüksek
8.530094554673601,6.242379959139921,8.131205180721583,Hızlı,İyi,Yüksek
2.944488920695857,1.1689804070836407,2.0304414834252698,Yavaş,Kötü,Düşük
3.8509772860192526,9.398321236134752,7.0730024419176685,Normal,Mükemmel,Yüksek
8.511366715168569,6.277080530714178,8.121489105293346,Hızlı,İyi,Yüksek
3.1692200515627764,3.3490561465708613,3.8620711585045897,Yavaş,İyi,Orta
1.6949274668609249,1.3927207266338726,1.809699290103814,Yavaş,Kötü,Düşük
5.568012624583502,7.9402518927029595,7.992654354663784,Normal,Mükemmel,Yüksek
9.36154774160781,6.200727559285135,8.142659131823745,Hızlı,İyi,Yüksek
6.96029796674973,5.334610919763215,6.368813936548945,Hızlı,İyi,Orta
5.700611700893649,8.938925830509577,8.259643300576112,Normal,Mükemmel,Yüksek
0.9717649377076854,7.885972112245307,4.999999999999999,Yavaş,Mükemmel,Orta
6.150072266991698,1.5167487973275118,2.9281377195784906,Normal,Kötü,Düşük
9.900538501042632,3.1172206779554825,6.265263921804293,Hızlı,Kötü,Orta
1.4008401523652403,2.4848913981446574,2.854647140750709,Yavaş,Kötü,Düşük
5.183296523637368,7.43946292572677,7.02472924070053,Normal,Mükemmel,Yüksek
8.773730719279554,0.3353243473577938,5.0,Hızlı,Kötü,Orta
7.407686177542044,5.698896848713165,6.976095009023769,Hızlı,İyi,Yüksek
6.97015740995268,7.624586857406905,7.101555280199923,Hızlı,Mükemmel,Yüksek
7.024840839871093,8.767656367617494,7.963369054235658,Hızlı,Mükemmel,Yüksek
3.5949115121975517,3.4208174871590744,4.003553176737898,Normal,İyi,Orta
2.9359184426449336,8.212573046720129,6.0605221500545285,Yavaş,Mükemmel,Orta
8.093611554785136,1.1063173695520723,5.0,Hızlı,Kötü,Orta
8.101133946791808,8.464522917345182,8.159116669308784,Hızlı,Mükemmel,Yüksek
8.670723185801037,1.2748866233198242,5.0,Hızlı,Kötü,Orta
9.132405525564714,3.9728729056036727,7.206171291292108,Hızlı,İyi,Yüksek
5.113423988609378,7.972953657795536,8.073652634550834,Normal,Mükemmel,Yüksek
5.015162946871996,1.4991742734877378,1.802593050188751,Normal,Kötü,Düşük
7.9829517896677515,2.2925139523264146,5.3261928496979,Hızlı,Kötü,Orta
6.4996393077776515,7.222525683930662,6.697216021046703,Normal,Mükemmel,Yüksek
7.019668772577034,7.200365365460744,6.58800111654874,Hızlı,Mükemmel,Orta
7.95792669436101,6.411476328852973,7.977053134466452,Hızlı,İyi,Yüksek
8.900053418175663,6.939484444671001,7.94598195363082,Hızlı,Mükemmel,Yüksek
3.379951568515358,5.427244433475962,5.3410010275463975,Normal,İyi,Orta
3.75582952639944,2.5179905890695276,2.908298289239109,Normal,Kötü,Düşük
0.93981939840869,3.4569599350391944,4.032748668219584,Yavaş,İyi,Orta
5.78280140996174,1.8159771680142567,2.6466974556823937,Normal,Kötü,Düşük
0.35942273796742086,9.084505613336283,5.000000000000001,Yavaş,Mükemmel,Orta
4.655980181324601,5.833917947661204,5.488719705049096,Normal,İyi,Orta
5.426446347075766,4.008514167636399,4.68806519866667,Normal,İyi,Orta
2.865412521282844,4.620058036441327,4.678312288127659,Yavaş,İyi,Orta
5.9083326056901075,9.472833396118153,8.21605283920841,Normal,Mükemmel,Yüksek
0.3050024993904943,1.533514031160802,1.7866462709322561,Yavaş,Kötü,Düşük
0.37348188749214417,5.862298320167972,5.0,Yavaş,İyi,Orta
8.226005606596583,5.05888678884466,8.178473638788788,Hızlı,İyi,Yüksek
3.601906414112629,6.1145423543464785,5.715995333221309,Normal,İyi,Orta
1.2706051265188478,0.18110183820840509,1.752487059593255,Yavaş,Kötü,Düşük
5.222432600548044,8.721239089441514,8.246520585315778,Normal,Mükemmel,Yüksek
7.699935530986108,9.321182824836123,8.091769413632097,Hızlı,Mükemmel,Yüksek
2.1582102749684315,5.65133183589209,5.191305631752514,Yavaş,İyi,Orta
6.228904758190002,6.966508238768922,6.375903033970157,Normal,Mükemmel,Orta
0.85347464993768,9.224993811772958,5.0,Yavaş,Mükemmel,Orta
0.516817211686077,7.072386343133986,4.999999999999999,Yavaş,Mükemmel,Orta
5.31354631568148,1.5253904291426135,2.164813032176509,Normal,Kötü,Düşük
5.406351216101065,5.762883601668132,5.44676834793883,Normal,İyi,Orta
6.374299014982066,6.067150463828559,5.8390148933655475,Normal,İyi,Orta
7.260913337226615,4.24130671302386,6.068788289153613,Hızlı,İyi,Orta
9.758520794625346,7.3644423562472285,8.030095752110222,Hızlı,Mükemmel,Yüksek
5.163003483011953,9.343670147690148,8.30794768066451,Normal,Mükemmel,Yüksek
3.2295647294124596,9.255685129067764,6.394328998309599,Yavaş,Mükemmel,Orta
7.9518619476870365,4.508393714041321,7.455649742581363,Hızlı,İyi,Yüksek
2.708322512620742,1.1323804584075525,1.9838567695439489,Yavaş,Kötü,Düşük
4.389714207056361,9.848411989623346,7.636728855005404,Normal,Mükemmel,Yüksek
0.7845638134226596,8.388980864459342,5.000000000000001,Yavaş,Mükemmel,Orta
0.2535074341545751,1.2466268120326685,1.7495956060362667,Yavaş,Kötü,Düşük
9.626484146779251,9.208418826173723,8.297269448189844,Hızlı,Mükemmel,Yüksek
8.359801205122059,8.698963620621283,8.198284560958513,Hızlı,Mükemmel,Yüksek
6.95974206093698,5.188380571260721,6.368180742301916,Hızlı,İyi,Orta
4.089529444142698,5.912754357449293,5.53601284556629,Normal,İyi,Orta
1.7329432007084578,3.9900270387013026,4.40047267892658,Yavaş,İyi,Orta
1.5643704267108605,0.5476163882203133,1.7909362550092887,Yavaş,Kötü,Düşük
2.502428981645953,3.3519724164590095,3.9459906921652803,Yavaş,İyi,Orta
5.4922666470612045,8.028534485980114,8.147495971726777,Normal,Mükemmel,Yüksek
7.145959227000623,0.04632023004602859,4.028241560667379,Hızlı,Kötü,Orta
6.601973767177313,3.334991716911442,4.968279448692063,Normal,İyi,Orta
2.7993389694594284,3.9816869359094333,4.26002392525418,Yavaş,İyi,Orta
9.54865280663194,5.373956029379229,8.31030676836012,Hızlı,İyi,Yüksek
7.378969166957685,9.198556164127606,8.032857681230679,Hızlı,Mükemmel,Yüksek
5.543540525114007,3.4634599436596125,4.430197452924577,Normal,İyi,Orta
6.117207462343522,3.469532018962277,4.782273072477069,Normal,İyi,Orta
4.196000624277899,7.3750124810974835,6.924149528610424,Normal,Mükemmel,Yüksek
2.4773098950115746,4.522179408898071,4.64357837834363,Yavaş,İyi,Orta
3.559726786512616,2.2460482293998196,2.4611619558326936,Normal,Kötü,Düşük
7.578461104643691,4.524395161326934,6.752543420426601,Hızlı,İyi,Yüksek
0.14393488629755868,1.4085702037979986,1.7698654539121008,Yavaş,Kötü,Düşük
1.1607264050691624,1.763869865062233,1.8199929410698896,Yavaş,Kötü,Düşük
0.4600264202175275,4.983677727394797,4.98978523962155,Yavaş,İyi,Orta
0.40728802318970136,4.189254495045479,4.5250271910916045,Yavaş,İyi,Orta
8.554605840110073,9.148459010681,8.225289034535447,Hızlı,Mükemmel,Yüksek
7.036578593800237,3.623938991166331,5.4114520345754125,Hızlı,İyi,Orta
4.741738290873252,5.805883502780435,5.472096413758336,Normal,İyi,Orta
0.9783416065100148,6.322642879195303,5.0,Yavaş,İyi,Orta
4.916158751168323,0.13094456588333636,1.6679330085144655,Normal,Kötü,Düşük
4.734717707805657,6.635373720167106,6.0432277218577,Normal,İyi,Orta
1.7320186991001518,1.7803596686975143,1.82249323560017,Yavaş,Kötü,Düşük
4.33851649237973,9.610703174694551,7.5831823374762,Normal,Mükemmel,Yüksek
3.9850473439737346,1.4866272775311296,1.80920728395813,Normal,Kötü,Düşük
6.158500980522165,4.146241237270237,5.159845826679149,Normal,İyi,Orta
6.350936508676438,0.8534966807864386,3.145352554905667,Normal,Kötü,Düşük
0.4530400977204452,9.968742518459473,4.999999999999999,Yavaş,Mükemmel,Orta
3.746126146264712,5.021950103312426,5.016475687025449,Normal,İyi,Orta
6.258599157142363,5.953850173200438,5.757554429780036,Normal,İyi,Orta
5.031362585800877,0.6707647738842748,1.7332476681314093,Normal,Kötü,Düşük
8.564898411883222,7.499604703991778,8.055482349504636,Hızlı,Mükemmel,Yüksek
6.58693631618945,2.0990559309558576,3.549203749335296,Normal,Kötü,Orta
1.629344270814297,8.980542894407137,5.000000000000001,Yavaş,Mükemmel,Orta
0.7056874740042984,2.0513964048200717,1.9869297471052492,Yavaş,Kötü,Düşük
6.424192782063156,1.9068772066366657,3.2245084820500804,Normal,Kötü,Düşük
0.26511310541621813,0.3654966784809488,1.6749658562220582,Yavaş,Kötü,Düşük
5.8577558127346325,4.720669451099992,5.324896589806919,Normal,İyi,Orta
9.402302414249576,5.648411332626164,8.269311973844884,Hızlı,İyi,Yüksek
5.75474177875879,0.6570863942835237,2.5133949949557497,Normal,Kötü,Düşük
3.881699262065219,7.755276166950106,6.9995020446126395,Normal,Mükemmel,Yüksek
6.432882184423532,4.532888347480276,5.552046916082163,Normal,İyi,Orta
4.582528904915167,5.243902693275801,5.14859863944237,Normal,İyi,Orta
5.45616789315935,4.407627469382281,4.925381233891375,Normal,İyi,Orta
9.41464808776525,4.00763060875326,7.24382303676823,Hızlı,İyi,Yüksek
3.8610263780077423,5.596403313082179,5.388475618832667,Normal,İyi,Orta
9.611905638239142,1.552402459307125,5.0,Hızlı,Kötü,Orta
9.053506419560637,1.8192813049527112,4.999999999999999,Hızlı,Kötü,Orta
1.9579113478929644,8.617856210135173,5.0,Yavaş,Mükemmel,Orta
0.6936130087516545,9.461154621336327,5.0,Yavaş,Mükemmel,Orta
1.0077800137742665,3.7330931627975295,4.236746237339905,Yavaş,İyi,Orta
0.18221825651549728,2.707446731435538,3.2024569620260865,Yavaş,Kötü,Düşük
0.944429607559284,6.439995432390157,5.0,Yavaş,İyi,Orta
6.830067734163569,4.087341710980964,5.536337372376655,Hızlı,İyi,Orta
0.7118864846022899,0.2538635566034486,1.6962413888024301,Yavaş,Kötü,Düşük
3.189756302937613,1.5615259736619036,2.045139319004583,Yavaş,Kötü,Düşük
8.448753109694545,7.159722288473976,7.990353242771324,Hızlı,Mükemmel,Yüksek
0.23271935735825866,6.589239419101514,5.0,Yavaş,İyi,Orta
8.144684825889358,0.2709599250348349,5.0,Hızlı,Kötü,Orta
2.8185477477339993,2.219721619329494,2.5362937660388725,Yavaş,Kötü,Düşük
1.1816482762165625,2.310747965880714,2.546976623040339,Yavaş,Kötü,Düşük
6.967371653641506,6.718927435987284,6.37689088140654,Hızlı,Mükemmel,Orta
6.28942846779884,0.19710537754364155,3.078953607868341,Normal,Kötü,Düşük
8.77472013527053,1.0410858198457384,5.0,Hızlı,Kötü,Orta
7.350710438038858,7.999160853731894,8.02515692048814,Hızlı,Mükemmel,Yüksek
8.034809303848485,1.7854466205433361,5.000000000000001,Hızlı,Kötü,Orta
2.820345725713065,6.527461078518747,5.935175416476876,Yavaş,İyi,Orta
1.7743954377972282,2.381827810467265,2.6780795654839338,Yavaş,Kötü,Düşük
7.506147516408584,0.9944139275934516,4.423527699891734,Hızlı,Kötü,Orta
8.06834739267264,2.4317219099945406,5.506809732987625,Hızlı,Kötü,Orta
9.905051420006734,7.2226693185565916,8.002732941415175,Hızlı,Mükemmel,Yüksek
4.126176769114265,8.556964681062858,7.364568592852997,Normal,Mükemmel,Yüksek
3.720180857927832,8.302198645669916,6.931422227005624,Normal,Mükemmel,Yüksek
7.764129607419968,3.9718352961845484,6.688546828722843,Hızlı,İyi,Yüksek
3.4080354025301784,6.680851365706461,6.083161371315594,Normal,Mükemmel,Orta
9.307573256035647,2.0498429541582097,5.061114637769627,Hızlı,Kötü,Orta
8.584127518430119,2.9314773026101326,6.055710447906012,Hızlı,Kötü,Orta
4.289940273750183,8.963358185211197,7.532740006119665,Normal,Mükemmel,Yüksek
7.508710677914974,0.13001923510736035,4.426389969120973,Hızlı,Kötü,Orta
7.545428740846823,0.8550853085446808,4.467500718750772,Hızlı,Kötü,Orta
1.031238688359326,2.078862551460273,2.0533944656092364,Yavaş,Kötü,Düşük
9.025529066795666,0.26532203873819715,5.0,Hızlı,Kötü,Orta
5.052523724478571,1.8143543508979731,1.900690979723273,Normal,Kötü,Düşük
8.264574661077416,5.830415609696922,8.184285527370703,Hızlı,İyi,Yüksek
3.2004960103061175,4.214245505924979,4.3659998984192585,Yavaş,İyi,Orta
8.955232284962005,8.926717110769749,8.270109089195829,Hızlı,Mükemmel,Yüksek
3.892016787341631,8.17443561738441,7.1176600228832765,Normal,Mükemmel,Yüksek
0.1083765148029836,3.4181735169787597,4.00139071159952,Yavaş,İyi,Orta
9.053819764192637,2.594234334312925,5.687876381205003,Hızlı,Kötü,Orta
0.9128667678613356,3.7969240816726693,4.279997312255117,Yavaş,İyi,Orta
3.1931363759041487,5.902949425148077,5.713223354594753,Yavaş,İyi,Orta
9.50061967050805,2.6806364082287626,5.782851783567987,Hızlı,Kötü,Orta
9.506071469375561,6.24148907849134,8.13145256516564,Hızlı,İyi,Yüksek
5.734378881232861,4.0941165219124045,4.9097324600941175,Normal,İyi,Orta
6.318372121697992,5.520471808519803,5.799060699438683,Normal,İyi,Orta
4.4844552197831975,4.361265291353167,4.625458700483788,Normal,İyi,Orta
2.9321077169806453,2.9446575954191765,3.5196445897265987,Yavaş,Kötü,Orta
3.2866454536991596,9.484533069621566,6.458627628555909,Yavaş,Mükemmel,Orta
6.725184560770384,7.636057941597608,7.182244269239658,Hızlı,Mükemmel,Yüksek
7.5237452943768,1.4011317576645255,4.443198508677741,Hızlı,Kötü,Orta
7.915790437258485,8.684679758979128,8.128938405762325,Hızlı,Mükemmel,Yüksek
7.896181427945539,4.874311982495136,7.729026758372991,Hızlı,İyi,Yüksek
0.9120610304869037,8.945522268940914,4.999999999999999,Yavaş,Mükemmel,Orta
4.944203047025814,7.998552559473152,8.063138605110359,Normal,Mükemmel,Yüksek
0.5755876001664428,4.252135044692334,4.562034431774943,Yavaş,İyi,Orta
5.495288823237355,0.22469308320117398,2.2412234758275873,Normal,Kötü,Düşük
4.41530501373377,2.686773593849461,3.1716177389879228,Normal,Kötü,Düşük
8.877041827582998,5.416342146608669,8.264682689777908,Hızlı,İyi,Yüksek
3.5091501255207866,6.334782198261473,5.851386331578971,Normal,İyi,Orta
1.1706701642760586,2.578876854332023,3.0034799895880155,Yavaş,Kötü,Düşük
1.4299168205283586,1.3935607407282413,1.772664000209255,Yavaş,Kötü,Düşük
7.615106317174723,8.34930236799299,8.076605743081195,Hızlı,Mükemmel,Yüksek
6.182180633162611,9.84402180703552,8.147684429619368,Normal,Mükemmel,Yüksek
1.0112267612279024,5.256901823026858,5.0,Yavaş,İyi,Orta
0.8410680611499743,1.716792858483035,1.8129357656765182,Yavaş,Kötü,Düşük
7.009691314591199,2.7230732651936895,4.752175134147795,Hızlı,Kötü,Orta
0.7276300636419353,0.18390676547466733,1.6974790331331164,Yavaş,Kötü,Düşük
8.218600592903563,9.14298806560499,8.177348623929415,Hızlı,Mükemmel,Yüksek
7.062422271564962,1.1775108289014113,3.937680162090149,Hızlı,Kötü,Orta
0.8134878064189976,5.765164755142536,4.999999999999999,Yavaş,İyi,Orta
0.8483771408519192,2.74055220687206,3.250660246544644,Yavaş,Kötü,Düşük
9.866395785011754,5.541780025157934,8.287291576304826,Hızlı,İyi,Yüksek
3.742707957561203,6.514203883518642,5.944428234371078,Normal,İyi,Orta
3.706421470668909,8.297418037072017,6.916565744323845,Normal,Mükemmel,Yüksek
8.127995672575025,2.064212717606032,5.07858287869934,Hızlı,Kötü,Orta
9.472485773838587,0.10995828658480478,5.0,Hızlı,Kötü,Orta
9.860010638228708,1.3688563006880727,4.999999999999999,Hızlı,Kötü,Orta
7.533781852589416,9.00018641848105,8.061788809696704,Hızlı,Mükemmel,Yüksek
3.762595855309158,8.738900775625153,6.977247572398311,Normal,Mükemmel,Yüksek
0.8350071669866876,5.974131021703083,5.000000000000001,Yavaş,İyi,Orta
7.771469159274368,6.005168604336534,7.615523382878985,Hızlı,İyi,Yüksek
5.58404249735805,6.650366745462555,6.05601268606412,Normal,İyi,Orta
4.242220092469763,1.753712786234496,1.8184601385907762,Normal,Kötü,Düşük
9.06354385094736,9.144119459249598,8.284092389068494,Hızlı,Mükemmel,Yüksek
1.1119748230615134,4.187705248920731,4.524110079832067,Yavaş,İyi,Orta
4.926251042908591,3.8313852824949746,4.302859277346161,Normal,İyi,Orta
0.11353644767419069,5.189177052828375,5.0,Yavaş,İyi,Orta
4.6866064199412625,0.46965966775055046,1.6831344316213932,Normal,Kötü,Düşük
0.5630327568183735,1.662833687560794,1.8049969928785303,Yavaş,Kötü,Düşük
1.1881791626807192,7.380336164263705,5.000000000000001,Yavaş,Mükemmel,Orta
1.1752624677710488,0.8279866792512647,1.7412244621374426,Yavaş,Kötü,Düşük
6.492103021160636,6.031521094663882,5.927205728348137,Normal,İyi,Orta
7.460448792654233,2.4534910968132095,4.912319527147183,Hızlı,Kötü,Orta
5.833687650971596,3.8929561404197655,4.8567416181477325,Normal,İyi,Orta
9.621725484745419,2.8869373677069987,6.00743892568512,Hızlı,Kötü,Orta
3.748705795237041,3.5567271646494913,4.1100593371522995,Normal,İyi,Orta
2.8571208628186073,7.1904590518424545,5.975100514088522,Yavaş,Mükemmel,Orta
8.685991281894603,2.9712171562317504,6.098761964152721,Hızlı,Kötü,Orta
2.235958385194526,5.664046402968972,5.282703182852947,Yavaş,İyi,Orta
9.632225394406113,4.760504021990997,8.042883397400002,Hızlı,İyi,Yüksek
0.12154474689816341,6.636711653626481,5.0,Yavaş,İyi,Orta
9.69878826707639,9.36829739324758,8.309714177562137,Hızlı,Mükemmel,Yüksek
0.43159911950576113,7.325720972102503,4.999999999999999,Yavaş,Mükemmel,Orta
8.911431136980712,2.149403785907568,5.180852819980144,Hızlı,Kötü,Orta
5.277011090862999,0.3118313506128467,2.0001675329439066,Normal,Kötü,Düşük
9.929647961193004,2.622640442998251,5.719183034175844,Hızlı,Kötü,Orta
0.7379656473539886,5.9507793070025485,4.999999999999999,Yavaş,İyi,Orta
5.538542844013207,0.5142581348425035,2.2874511211965776,Normal,Kötü,Düşük
9.69302535619099,4.963662472012364,8.281455878568533,Hızlı,İyi,Yüksek
5.230978441701488,5.968428489168892,5.56997580735922,Normal,İyi,Orta
6.293986381352625,3.3424389081696084,4.80935822695787,Normal,İyi,Orta
6.957486889846171,7.7091220374582194,7.244973060583844,Hızlı,Mükemmel,Yüksek
4.545410647677732,1.065982531337718,1.7291088047839893,Normal,Kötü,Düşük
6.275580800840634,0.7513778173580876,3.0640008047774794,Normal,Kötü,Düşük
5.843143119231002,7.281887562036033,6.781856952520777,Normal,Mükemmel,Yüksek
9.01158010490989,4.954913162061985,8.22068915270061,Hızlı,İyi,Yüksek
0.4544638034145787,6.88402396427736,5.0,Yavaş,Mükemmel,Orta
2.809631895922303,4.348273386037462,4.488536613744466,Yavaş,İyi,Orta
9.504114840765588,2.464020332391068,5.543098486205998,Hızlı,Kötü,Orta
8.902637838909163,8.191023176741997,8.173133192057735,Hızlı,Mükemmel,Yüksek
4.55656752785713,7.994158789689792,7.604337782641967,Normal,Mükemmel,Yüksek
6.201325978015367,6.946964708544268,6.353688619539166,Normal,Mükemmel,Orta
2.7738118298113266,2.7214513722996267,3.2440862652817155,Yavaş,Kötü,Düşük
1.881211597237613,5.902306668690871,4.999999999999999,Yavaş,İyi,Orta
4.636984049399821,3.6097389694002677,4.149368392351856,Normal,İyi,Orta
3.533522280260528,0.9158207332663415,1.9341601838598128,Normal,Kötü,Düşük
5.836561118508721,9.173135754622429,8.231993374132147,Normal,Mükemmel,Yüksek
0.7773463696498484,1.368186309189614,1.7646502832343647,Yavaş,Kötü,Düşük
9.743948076661665,9.502373538208024,8.318318848009735,Hızlı,Mükemmel,Yüksek
9.86210744479603,4.460057729579558,7.7110601183870875,Hızlı,İyi,Yüksek
